{
  "test/integration/FirstJourney-dbg.js": 1700729598253,
  "test/integration/pages/RisksList.js": 1700729598233,
  "test/integration/pages/RisksObjectPage.js": 1700729598233,
  "test/integration/opaTests.qunit.js": 1700729598209,
  "test/integration/FirstJourney.js": 1700729598253,
  "test/testsuite.qunit.js": 1700729598193,
  "xs-app.json": 1702027708701,
  "manifest.json": 1702027708981,
  "Component.js": 1700729598141,
  "i18n/i18n.properties": 1700729772325,
  "test/integration/FirstJourney.js.map": 1702027722241,
  "test/integration/pages/RisksObjectPage-dbg.js": 1700729598233,
  "test/integration/pages/RisksObjectPage.js.map": 1702027722203,
  "test/integration/opaTests.qunit-dbg.js": 1700729598209,
  "test/integration/opaTests.qunit.js.map": 1702027722222,
  "test/integration/pages/RisksList-dbg.js": 1700729598233,
  "test/integration/pages/RisksList.js.map": 1702027722204,
  "test/testsuite.qunit-dbg.js": 1700729598193,
  "test/testsuite.qunit.js.map": 1702027722217,
  "Component-dbg.js": 1700729598141,
  "Component.js.map": 1702027722217,
  "Component-preload.js": 1702027722374,
  "Component-preload.js.map": 1702027722374,
  "test/integration/opaTests.qunit.html": 1700729598205,
  "test/testsuite.qunit.html": 1700729598197,
  "test/flpSandbox.html": 1700729598193,
  "localService/metadata.xml": 1700729598181,
  "index.html": 1700729598145
}